image_path,date,pixel_count
images/reolink_7/Motion Detected from Reolink DCC 7 at 2026528 163550__dccbridgecamerasgmail.com__1779982559000__0__01_20260528163550000.jpg,2026-05-29T10:05:55,293565
images/reolink_7/Person Animal Detected from Reolink DCC 7 at 2026528 165530__dccbridgecamerasgmail.com__1779983739000__0__01_20260528165530000.jpg,2026-05-29T10:07:31,283042
images/reolink_7/Person Detected from Reolink DCC 7 at 2026528 164012__dccbridgecamerasgmail.com__1779982823000__0__01_20260528164012000.jpg,2026-05-29T10:07:16,290418
images/reolink_7/Person Detected from Reolink DCC 7 at 2026528 165127__dccbridgecamerasgmail.com__1779983497000__0__01_20260528165127000.jpg,2026-05-29T10:07:25,288455
images/reolink_7/Person Detected from Reolink DCC 7 at 2026528 180230__dccbridgecamerasgmail.com__1779987762000__0__01_20260528180230000.jpg,2026-05-29T10:07:53,270169
images/reolink_7/Animal Detected from Reolink DCC 7 at 2026525 140145__dccbridgecamerasgmail.com__1779714118000__0__01_20260525140145000.jpg,2026-05-29T10:18:26,188040
images/reolink_7/Motion Detected from Reolink DCC 7 at 2026430 122316__dccbridgecamerasgmail.com__1777548210000__0__01_20260430122316000.jpg,2026-05-29T10:18:26,193931
images/reolink_7/Motion Detected from Reolink DCC 7 at 202651 144840__dccbridgecamerasgmail.com__1777643331000__0__01_20260501144840000.jpg,2026-05-29T10:18:26,197445
images/reolink_7/Motion Detected from Reolink DCC 7 at 202651 160445__dccbridgecamerasgmail.com__1777647897000__0__01_20260501160445000.jpg,2026-05-29T10:18:26,203509
images/reolink_7/Motion Detected from Reolink DCC 7 at 202651 160709__dccbridgecamerasgmail.com__1777648042000__0__01_20260501160709000.jpg,2026-05-29T10:18:26,207747
images/reolink_7/Motion Detected from Reolink DCC 7 at 202651 161847__dccbridgecamerasgmail.com__1777648739000__0__01_20260501161847000.jpg,2026-05-29T10:18:26,203488
images/reolink_7/Motion Detected from Reolink DCC 7 at 202651 163834__dccbridgecamerasgmail.com__1777649925000__0__01_20260501163834000.jpg,2026-05-29T10:18:26,203408
images/reolink_7/Motion Detected from Reolink DCC 7 at 2026510 164929__dccbridgecamerasgmail.com__1778428178000__0__01_20260510164929000.jpg,2026-05-29T10:18:26,217668
images/reolink_7/Motion Detected from Reolink DCC 7 at 2026511 141309__dccbridgecamerasgmail.com__1778505207000__0__01_20260511141309000.jpg,2026-05-29T10:18:26,193776
images/reolink_7/Motion Detected from Reolink DCC 7 at 2026512 143837__dccbridgecamerasgmail.com__1778593130000__0__01_20260512143837000.jpg,2026-05-29T10:18:26,206194
images/reolink_7/Motion Detected from Reolink DCC 7 at 2026512 161614__dccbridgecamerasgmail.com__1778598988000__0__01_20260512161614000.jpg,2026-05-29T10:18:26,218600
images/reolink_7/Motion Detected from Reolink DCC 7 at 2026513 144917__dccbridgecamerasgmail.com__1778680172000__0__01_20260513144917000.jpg,2026-05-29T10:18:26,210142
images/reolink_7/Motion Detected from Reolink DCC 7 at 2026515 121343__dccbridgecamerasgmail.com__1778843635000__0__01_20260515121343000.jpg,2026-05-29T10:18:26,195781
images/reolink_7/Motion Detected from Reolink DCC 7 at 2026515 122554__dccbridgecamerasgmail.com__1778844367000__0__01_20260515122554000.jpg,2026-05-29T10:18:26,209790
images/reolink_7/Motion Detected from Reolink DCC 7 at 2026515 122821__dccbridgecamerasgmail.com__1778844514000__0__01_20260515122821000.jpg,2026-05-29T10:18:26,199430
images/reolink_7/Motion Detected from Reolink DCC 7 at 2026515 142259__dccbridgecamerasgmail.com__1778851392000__0__01_20260515142259000.jpg,2026-05-29T10:18:26,201957
images/reolink_7/Motion Detected from Reolink DCC 7 at 2026515 161020__dccbridgecamerasgmail.com__1778857830000__0__01_20260515161020000.jpg,2026-05-29T10:18:26,211918
images/reolink_7/Motion Detected from Reolink DCC 7 at 2026515 164217__dccbridgecamerasgmail.com__1778859746000__0__01_20260515164217000.jpg,2026-05-29T10:18:26,207007
images/reolink_7/Motion Detected from Reolink DCC 7 at 2026515 165141__dccbridgecamerasgmail.com__1778860312000__0__01_20260515165141002.jpg,2026-05-29T10:18:26,215643
images/reolink_7/Motion Detected from Reolink DCC 7 at 2026515 165556__dccbridgecamerasgmail.com__1778860566000__0__01_20260515165556000.jpg,2026-05-29T10:18:26,194392
images/reolink_7/Motion Detected from Reolink DCC 7 at 2026521 121942__dccbridgecamerasgmail.com__1779362395000__0__01_20260521121942000.jpg,2026-05-29T10:18:26,186619
images/reolink_7/Motion Detected from Reolink DCC 7 at 2026521 125906__dccbridgecamerasgmail.com__1779364758000__0__01_20260521125906000.jpg,2026-05-29T10:18:26,185317
images/reolink_7/Motion Detected from Reolink DCC 7 at 2026521 141246__dccbridgecamerasgmail.com__1779369179000__0__01_20260521141246000.jpg,2026-05-29T10:18:26,193104
images/reolink_7/Motion Detected from Reolink DCC 7 at 2026521 141930__dccbridgecamerasgmail.com__1779369584000__0__01_20260521141930000.jpg,2026-05-29T10:18:26,196164
images/reolink_7/Motion Detected from Reolink DCC 7 at 2026521 143519__dccbridgecamerasgmail.com__1779370533000__0__01_20260521143519000.jpg,2026-05-29T10:18:26,198928
images/reolink_7/Motion Detected from Reolink DCC 7 at 2026521 144212__dccbridgecamerasgmail.com__1779370945000__0__01_20260521144212000.jpg,2026-05-29T10:18:26,199520
images/reolink_7/Motion Detected from Reolink DCC 7 at 2026521 162232__dccbridgecamerasgmail.com__1779376961000__0__01_20260521162232000.jpg,2026-05-29T10:18:26,216009
images/reolink_7/Motion Detected from Reolink DCC 7 at 2026521 162500__dccbridgecamerasgmail.com__1779377110000__0__01_20260521162500000.jpg,2026-05-29T10:18:26,222309
images/reolink_7/Motion Detected from Reolink DCC 7 at 2026521 162623__dccbridgecamerasgmail.com__1779377192000__0__01_20260521162623000.jpg,2026-05-29T10:18:26,221610
images/reolink_7/Motion Detected from Reolink DCC 7 at 2026522 124919__dccbridgecamerasgmail.com__1779450571000__0__01_20260522124919000.jpg,2026-05-29T10:18:26,190747
images/reolink_7/Motion Detected from Reolink DCC 7 at 2026522 125101__dccbridgecamerasgmail.com__1779450674000__0__01_20260522125101000.jpg,2026-05-29T10:18:26,192429
images/reolink_7/Motion Detected from Reolink DCC 7 at 2026522 144155__dccbridgecamerasgmail.com__1779457327000__0__01_20260522144155000.jpg,2026-05-29T10:18:26,193589
images/reolink_7/Motion Detected from Reolink DCC 7 at 2026522 145132__dccbridgecamerasgmail.com__1779457904000__0__01_20260522145132000.jpg,2026-05-29T10:18:26,201799
images/reolink_7/Motion Detected from Reolink DCC 7 at 2026522 160606__dccbridgecamerasgmail.com__1779462376000__0__01_20260522160606000.jpg,2026-05-29T10:18:26,213100
images/reolink_7/Motion Detected from Reolink DCC 7 at 2026522 160650__dccbridgecamerasgmail.com__1779462421000__0__01_20260522160650000.jpg,2026-05-29T10:18:26,210774
images/reolink_7/Motion Detected from Reolink DCC 7 at 2026522 164526__dccbridgecamerasgmail.com__1779464737000__0__01_20260522164526000.jpg,2026-05-29T10:18:26,213170
images/reolink_7/Motion Detected from Reolink DCC 7 at 2026522 165713__dccbridgecamerasgmail.com__1779465444000__0__01_20260522165713000.jpg,2026-05-29T10:18:26,211297
images/reolink_7/Motion Detected from Reolink DCC 7 at 2026523 104757__dccbridgecamerasgmail.com__1779529688000__0__01_20260523104757000.jpg,2026-05-29T10:18:26,188228
images/reolink_7/Motion Detected from Reolink DCC 7 at 2026523 123249__dccbridgecamerasgmail.com__1779535981000__0__01_20260523123249000.jpg,2026-05-29T10:18:26,204757
images/reolink_7/Motion Detected from Reolink DCC 7 at 2026523 125420__dccbridgecamerasgmail.com__1779537274000__0__01_20260523125420000.jpg,2026-05-29T10:18:26,185435
images/reolink_7/Motion Detected from Reolink DCC 7 at 2026523 125504__dccbridgecamerasgmail.com__1779537316000__0__01_20260523125504000.jpg,2026-05-29T10:18:26,186598
images/reolink_7/Motion Detected from Reolink DCC 7 at 2026523 140025__dccbridgecamerasgmail.com__1779541238000__0__01_20260523140025000.jpg,2026-05-29T10:18:26,187392
images/reolink_7/Motion Detected from Reolink DCC 7 at 2026523 141816__dccbridgecamerasgmail.com__1779542309000__0__01_20260523141816002.jpg,2026-05-29T10:18:26,194625
images/reolink_7/Motion Detected from Reolink DCC 7 at 2026523 142022__dccbridgecamerasgmail.com__1779542435000__0__01_20260523142022002.jpg,2026-05-29T10:18:26,197830
images/reolink_7/Motion Detected from Reolink DCC 7 at 2026523 142610__dccbridgecamerasgmail.com__1779542783000__0__01_20260523142610000.jpg,2026-05-29T10:18:26,201872
images/reolink_7/Motion Detected from Reolink DCC 7 at 2026523 143937__dccbridgecamerasgmail.com__1779543589000__0__01_20260523143937000.jpg,2026-05-29T10:18:26,197197
images/reolink_7/Motion Detected from Reolink DCC 7 at 2026523 144011__dccbridgecamerasgmail.com__1779543624000__0__01_20260523144011000.jpg,2026-05-29T10:18:26,205302
images/reolink_7/Motion Detected from Reolink DCC 7 at 2026523 144329__dccbridgecamerasgmail.com__1779543821000__0__01_20260523144329000.jpg,2026-05-29T10:18:26,199450
images/reolink_7/Motion Detected from Reolink DCC 7 at 2026523 160138__dccbridgecamerasgmail.com__1779548506000__0__01_20260523160138000.jpg,2026-05-29T10:18:26,211385
images/reolink_7/Motion Detected from Reolink DCC 7 at 2026523 160248__dccbridgecamerasgmail.com__1779548578000__0__01_20260523160248000.jpg,2026-05-29T10:18:26,207262
images/reolink_7/Motion Detected from Reolink DCC 7 at 2026523 161854__dccbridgecamerasgmail.com__1779549544000__0__01_20260523161854000.jpg,2026-05-29T10:18:26,217909
images/reolink_7/Motion Detected from Reolink DCC 7 at 2026523 163723__dccbridgecamerasgmail.com__1779550653000__0__01_20260523163723000.jpg,2026-05-29T10:18:26,204758
images/reolink_7/Motion Detected from Reolink DCC 7 at 2026523 164339__dccbridgecamerasgmail.com__1779551029000__0__01_20260523164339000.jpg,2026-05-29T10:18:26,210243
images/reolink_7/Motion Detected from Reolink DCC 7 at 2026523 164444__dccbridgecamerasgmail.com__1779551094000__0__01_20260523164444000.jpg,2026-05-29T10:18:26,205392
images/reolink_7/Motion Detected from Reolink DCC 7 at 2026523 165829__dccbridgecamerasgmail.com__1779551919000__0__01_20260523165829000.jpg,2026-05-29T10:18:26,213071
images/reolink_7/Motion Detected from Reolink DCC 7 at 2026524 120141__dccbridgecamerasgmail.com__1779620513000__0__01_20260524120141000.jpg,2026-05-29T10:18:26,211982
images/reolink_7/Motion Detected from Reolink DCC 7 at 2026524 120557__dccbridgecamerasgmail.com__1779620769000__0__01_20260524120557000.jpg,2026-05-29T10:18:26,211788
images/reolink_7/Motion Detected from Reolink DCC 7 at 2026524 121417__dccbridgecamerasgmail.com__1779621269000__0__01_20260524121417000.jpg,2026-05-29T10:18:26,212703
images/reolink_7/Motion Detected from Reolink DCC 7 at 2026524 121501__dccbridgecamerasgmail.com__1779621314000__0__01_20260524121501000.jpg,2026-05-29T10:18:26,210858
images/reolink_7/Motion Detected from Reolink DCC 7 at 2026524 123045__dccbridgecamerasgmail.com__1779622257000__0__01_20260524123045000.jpg,2026-05-29T10:18:26,211440
images/reolink_7/Motion Detected from Reolink DCC 7 at 2026524 124010__dccbridgecamerasgmail.com__1779622822000__0__01_20260524124010000.jpg,2026-05-29T10:18:26,208562
images/reolink_7/Motion Detected from Reolink DCC 7 at 2026524 124121__dccbridgecamerasgmail.com__1779622893000__0__01_20260524124121000.jpg,2026-05-29T10:18:26,202990
images/reolink_7/Motion Detected from Reolink DCC 7 at 2026524 140029__dccbridgecamerasgmail.com__1779627641000__0__01_20260524140029000.jpg,2026-05-29T10:18:26,199829
images/reolink_7/Motion Detected from Reolink DCC 7 at 2026524 141038__dccbridgecamerasgmail.com__1779628250000__0__01_20260524141038000.jpg,2026-05-29T10:18:26,201298
images/reolink_7/Motion Detected from Reolink DCC 7 at 2026524 141205__dccbridgecamerasgmail.com__1779628337000__0__01_20260524141205000.jpg,2026-05-29T10:18:26,192650
images/reolink_7/Motion Detected from Reolink DCC 7 at 2026524 141653__dccbridgecamerasgmail.com__1779628625000__0__01_20260524141653000.jpg,2026-05-29T10:18:26,204701
images/reolink_7/Motion Detected from Reolink DCC 7 at 2026524 142641__dccbridgecamerasgmail.com__1779629212000__0__01_20260524142641000.jpg,2026-05-29T10:18:26,204922
images/reolink_7/Motion Detected from Reolink DCC 7 at 2026524 142754__dccbridgecamerasgmail.com__1779629286000__0__01_20260524142754000.jpg,2026-05-29T10:18:26,204974
images/reolink_7/Motion Detected from Reolink DCC 7 at 2026524 144734__dccbridgecamerasgmail.com__1779630466000__0__01_20260524144734000.jpg,2026-05-29T10:18:26,205667
images/reolink_7/Motion Detected from Reolink DCC 7 at 2026524 161227__dccbridgecamerasgmail.com__1779635558000__0__01_20260524161227000.jpg,2026-05-29T10:18:26,216503
images/reolink_7/Motion Detected from Reolink DCC 7 at 2026524 162703__dccbridgecamerasgmail.com__1779636433000__0__01_20260524162703000.jpg,2026-05-29T10:18:26,211265
images/reolink_7/Motion Detected from Reolink DCC 7 at 2026524 164146__dccbridgecamerasgmail.com__1779637316000__0__01_20260524164146000.jpg,2026-05-29T10:18:26,194756
images/reolink_7/Motion Detected from Reolink DCC 7 at 2026524 165030__dccbridgecamerasgmail.com__1779637841000__0__01_20260524165030000.jpg,2026-05-29T10:18:26,200868
images/reolink_7/Motion Detected from Reolink DCC 7 at 2026524 165417__dccbridgecamerasgmail.com__1779638066000__0__01_20260524165417000.jpg,2026-05-29T10:18:26,200799
images/reolink_7/Motion Detected from Reolink DCC 7 at 2026524 181541__dccbridgecamerasgmail.com__1779642952000__0__01_20260524181541000.jpg,2026-05-29T10:18:26,214733
images/reolink_7/Motion Detected from Reolink DCC 7 at 2026524 181716__dccbridgecamerasgmail.com__1779643052000__0__01_20260524181716000.jpg,2026-05-29T10:18:26,211846
images/reolink_7/Motion Detected from Reolink DCC 7 at 2026525 121605__dccbridgecamerasgmail.com__1779707777000__0__01_20260525121605000.jpg,2026-05-29T10:18:26,209109
images/reolink_7/Motion Detected from Reolink DCC 7 at 2026525 122733__dccbridgecamerasgmail.com__1779708466000__0__01_20260525122733002.jpg,2026-05-29T10:18:26,204635
images/reolink_7/Motion Detected from Reolink DCC 7 at 2026525 124152__dccbridgecamerasgmail.com__1779709323000__0__01_20260525124152000.jpg,2026-05-29T10:18:26,193765
images/reolink_7/Motion Detected from Reolink DCC 7 at 2026525 125503__dccbridgecamerasgmail.com__1779710115000__0__01_20260525125503000.jpg,2026-05-29T10:18:26,203700
images/reolink_7/Motion Detected from Reolink DCC 7 at 2026525 125838__dccbridgecamerasgmail.com__1779710330000__0__01_20260525125838000.jpg,2026-05-29T10:18:26,199588
images/reolink_7/Motion Detected from Reolink DCC 7 at 2026525 141122__dccbridgecamerasgmail.com__1779714694000__0__01_20260525141122000.jpg,2026-05-29T10:18:26,194774
images/reolink_7/Motion Detected from Reolink DCC 7 at 2026525 141307__dccbridgecamerasgmail.com__1779714799000__0__01_20260525141307000.jpg,2026-05-29T10:18:26,188833
images/reolink_7/Motion Detected from Reolink DCC 7 at 2026525 141347__dccbridgecamerasgmail.com__1779714839000__0__01_20260525141347000.jpg,2026-05-29T10:18:26,190565
images/reolink_7/Motion Detected from Reolink DCC 7 at 2026525 143149__dccbridgecamerasgmail.com__1779715922000__0__01_20260525143149000.jpg,2026-05-29T10:18:26,202627
images/reolink_7/Motion Detected from Reolink DCC 7 at 2026525 143601__dccbridgecamerasgmail.com__1779716174000__0__01_20260525143601000.jpg,2026-05-29T10:18:26,201012
images/reolink_7/Motion Detected from Reolink DCC 7 at 2026525 143733__dccbridgecamerasgmail.com__1779716266000__0__01_20260525143733000.jpg,2026-05-29T10:18:26,200352
images/reolink_7/Motion Detected from Reolink DCC 7 at 2026525 145333__dccbridgecamerasgmail.com__1779717225000__0__01_20260525145333000.jpg,2026-05-29T10:18:26,204350
images/reolink_7/Motion Detected from Reolink DCC 7 at 2026525 145951__dccbridgecamerasgmail.com__1779717603000__0__01_20260525145951000.jpg,2026-05-29T10:18:26,204661
images/reolink_7/Motion Detected from Reolink DCC 7 at 2026525 161247__dccbridgecamerasgmail.com__1779721978000__0__01_20260525161247000.jpg,2026-05-29T10:18:26,218684
images/reolink_7/Motion Detected from Reolink DCC 7 at 2026525 161952__dccbridgecamerasgmail.com__1779722402000__0__01_20260525161952000.jpg,2026-05-29T10:18:26,219594
images/reolink_7/Motion Detected from Reolink DCC 7 at 2026525 162021__dccbridgecamerasgmail.com__1779722431000__0__01_20260525162021000.jpg,2026-05-29T10:18:26,219192
images/reolink_7/Motion Detected from Reolink DCC 7 at 2026525 162930__dccbridgecamerasgmail.com__1779722981000__0__01_20260525162930000.jpg,2026-05-29T10:18:26,208015
images/reolink_7/Motion Detected from Reolink DCC 7 at 2026525 163549__dccbridgecamerasgmail.com__1779723359000__0__01_20260525163549000.jpg,2026-05-29T10:18:26,204808
images/reolink_7/Motion Detected from Reolink DCC 7 at 2026525 164303__dccbridgecamerasgmail.com__1779723794000__0__01_20260525164303000.jpg,2026-05-29T10:18:26,210591
images/reolink_7/Motion Detected from Reolink DCC 7 at 2026525 165534__dccbridgecamerasgmail.com__1779724543000__0__01_20260525165534000.jpg,2026-05-29T10:18:26,202665
images/reolink_7/Motion Detected from Reolink DCC 7 at 2026525 182154__dccbridgecamerasgmail.com__1779729725000__0__01_20260525182154000.jpg,2026-05-29T10:18:26,208815
images/reolink_7/Motion Detected from Reolink DCC 7 at 2026526 121341__dccbridgecamerasgmail.com__1779794034000__0__01_20260526121341000.jpg,2026-05-29T10:18:26,206886
images/reolink_7/Motion Detected from Reolink DCC 7 at 2026526 121523__dccbridgecamerasgmail.com__1779794136000__0__01_20260526121523000.jpg,2026-05-29T10:18:26,204052
images/reolink_7/Motion Detected from Reolink DCC 7 at 2026526 123619__dccbridgecamerasgmail.com__1779795391000__0__01_20260526123619000.jpg,2026-05-29T10:18:26,207592
images/reolink_7/Motion Detected from Reolink DCC 7 at 2026526 124609__dccbridgecamerasgmail.com__1779795982000__0__01_20260526124609000.jpg,2026-05-29T10:18:26,207467
images/reolink_7/Motion Detected from Reolink DCC 7 at 2026526 124700__dccbridgecamerasgmail.com__1779796032000__0__01_20260526124700000.jpg,2026-05-29T10:18:26,206778
images/reolink_7/Motion Detected from Reolink DCC 7 at 2026526 124852__dccbridgecamerasgmail.com__1779796145000__0__01_20260526124852000.jpg,2026-05-29T10:18:26,206522
images/reolink_7/Motion Detected from Reolink DCC 7 at 2026526 124935__dccbridgecamerasgmail.com__1779796188000__0__01_20260526124935000.jpg,2026-05-29T10:18:26,203964
images/reolink_7/Motion Detected from Reolink DCC 7 at 2026526 141547__dccbridgecamerasgmail.com__1779801359000__0__01_20260526141547000.jpg,2026-05-29T10:18:26,193645
images/reolink_7/Motion Detected from Reolink DCC 7 at 2026526 142112__dccbridgecamerasgmail.com__1779801684000__0__01_20260526142112000.jpg,2026-05-29T10:18:26,196920
images/reolink_7/Motion Detected from Reolink DCC 7 at 2026526 143333__dccbridgecamerasgmail.com__1779802426000__0__01_20260526143333000.jpg,2026-05-29T10:18:26,201556
images/reolink_7/Motion Detected from Reolink DCC 7 at 2026526 144212__dccbridgecamerasgmail.com__1779802944000__0__01_20260526144212000.jpg,2026-05-29T10:18:26,199139
images/reolink_7/Motion Detected from Reolink DCC 7 at 2026526 145754__dccbridgecamerasgmail.com__1779803887000__0__01_20260526145754000.jpg,2026-05-29T10:18:26,204070
images/reolink_7/Motion Detected from Reolink DCC 7 at 2026526 160817__dccbridgecamerasgmail.com__1779808110000__0__01_20260526160817000.jpg,2026-05-29T10:18:26,211965
images/reolink_7/Motion Detected from Reolink DCC 7 at 2026526 161242__dccbridgecamerasgmail.com__1779808374000__0__01_20260526161242000.jpg,2026-05-29T10:18:26,207186
images/reolink_7/Motion Detected from Reolink DCC 7 at 2026526 162438__dccbridgecamerasgmail.com__1779809090000__0__01_20260526162438000.jpg,2026-05-29T10:18:26,210580
images/reolink_7/Motion Detected from Reolink DCC 7 at 2026526 162511__dccbridgecamerasgmail.com__1779809124000__0__01_20260526162511000.jpg,2026-05-29T10:18:26,211015
images/reolink_7/Motion Detected from Reolink DCC 7 at 2026526 162820__dccbridgecamerasgmail.com__1779809311000__0__01_20260526162820000.jpg,2026-05-29T10:18:26,210374
images/reolink_7/Motion Detected from Reolink DCC 7 at 2026526 163000__dccbridgecamerasgmail.com__1779809412000__0__01_20260526163000000.jpg,2026-05-29T10:18:26,202304
images/reolink_7/Motion Detected from Reolink DCC 7 at 2026526 163553__dccbridgecamerasgmail.com__1779809765000__0__01_20260526163553000.jpg,2026-05-29T10:18:26,204619
images/reolink_7/Motion Detected from Reolink DCC 7 at 2026526 164726__dccbridgecamerasgmail.com__1779810459000__0__01_20260526164726000.jpg,2026-05-29T10:18:26,203993
images/reolink_7/Motion Detected from Reolink DCC 7 at 2026526 181723__dccbridgecamerasgmail.com__1779815856000__0__01_20260526181723000.jpg,2026-05-29T10:18:26,206095
images/reolink_7/Motion Detected from Reolink DCC 7 at 2026526 181918__dccbridgecamerasgmail.com__1779815970000__0__01_20260526181918000.jpg,2026-05-29T10:18:26,206335
images/reolink_7/Motion Detected from Reolink DCC 7 at 2026527 121735__dccbridgecamerasgmail.com__1779880671000__0__01_20260527121735000.jpg,2026-05-29T10:18:26,208880
images/reolink_7/Motion Detected from Reolink DCC 7 at 2026527 122106__dccbridgecamerasgmail.com__1779880879000__0__01_20260527122106000.jpg,2026-05-29T10:18:26,209344
images/reolink_7/Motion Detected from Reolink DCC 7 at 2026527 123349__dccbridgecamerasgmail.com__1779881643000__0__01_20260527123349000.jpg,2026-05-29T10:18:26,184199
images/reolink_7/Motion Detected from Reolink DCC 7 at 2026527 140437__dccbridgecamerasgmail.com__1779887092000__0__01_20260527140437000.jpg,2026-05-29T10:18:26,184269
images/reolink_7/Motion Detected from Reolink DCC 7 at 2026527 141429__dccbridgecamerasgmail.com__1779887683000__0__01_20260527141429000.jpg,2026-05-29T10:18:26,197269
images/reolink_7/Motion Detected from Reolink DCC 7 at 2026527 141528__dccbridgecamerasgmail.com__1779887742000__0__01_20260527141528000.jpg,2026-05-29T10:18:26,203306
images/reolink_7/Motion Detected from Reolink DCC 7 at 2026527 141554__dccbridgecamerasgmail.com__1779887768000__0__01_20260527141554000.jpg,2026-05-29T10:18:26,191139
images/reolink_7/Motion Detected from Reolink DCC 7 at 2026527 160211__dccbridgecamerasgmail.com__1779894141000__0__01_20260527160211000.jpg,2026-05-29T10:18:26,205954
images/reolink_7/Motion Detected from Reolink DCC 7 at 2026527 160510__dccbridgecamerasgmail.com__1779894320000__0__01_20260527160510000.jpg,2026-05-29T10:18:26,189856
images/reolink_7/Motion Detected from Reolink DCC 7 at 2026527 160933__dccbridgecamerasgmail.com__1779894583000__0__01_20260527160933000.jpg,2026-05-29T10:18:26,201533
images/reolink_7/Motion Detected from Reolink DCC 7 at 2026527 161332__dccbridgecamerasgmail.com__1779894823000__0__01_20260527161332002.jpg,2026-05-29T10:18:26,206778
images/reolink_7/Motion Detected from Reolink DCC 7 at 2026527 165045__dccbridgecamerasgmail.com__1779897056000__0__01_20260527165045000.jpg,2026-05-29T10:18:26,197799
images/reolink_7/Motion Detected from Reolink DCC 7 at 2026527 183307__dccbridgecamerasgmail.com__1779903198000__0__01_20260527183307000.jpg,2026-05-29T10:18:26,207306
images/reolink_7/Motion Detected from Reolink DCC 7 at 2026527 183638__dccbridgecamerasgmail.com__1779903409000__0__01_20260527183638000.jpg,2026-05-29T10:18:26,210800
images/reolink_7/Motion Detected from Reolink DCC 7 at 2026528 122643__dccbridgecamerasgmail.com__1779967615000__0__01_20260528122643002.jpg,2026-05-29T10:18:26,200456
images/reolink_7/Motion Detected from Reolink DCC 7 at 2026528 122912__dccbridgecamerasgmail.com__1779967764000__0__01_20260528122912000.jpg,2026-05-29T10:18:26,201082
images/reolink_7/Motion Detected from Reolink DCC 7 at 2026528 123023__dccbridgecamerasgmail.com__1779967834000__0__01_20260528123023000.jpg,2026-05-29T10:18:26,199584
images/reolink_7/Motion Detected from Reolink DCC 7 at 2026528 124726__dccbridgecamerasgmail.com__1779968858000__0__01_20260528124726000.jpg,2026-05-29T10:18:26,198188
images/reolink_7/Motion Detected from Reolink DCC 7 at 2026528 141614__dccbridgecamerasgmail.com__1779974186000__0__01_20260528141614000.jpg,2026-05-29T10:18:26,311502
images/reolink_7/Motion Detected from Reolink DCC 7 at 2026528 142126__dccbridgecamerasgmail.com__1779974498000__0__01_20260528142126000.jpg,2026-05-29T10:18:26,311518
images/reolink_7/Motion Detected from Reolink DCC 7 at 2026528 143515__dccbridgecamerasgmail.com__1779975327000__0__01_20260528143515002.jpg,2026-05-29T10:18:26,306134
images/reolink_7/Motion Detected from Reolink DCC 7 at 2026528 144221__dccbridgecamerasgmail.com__1779975754000__0__01_20260528144221000.jpg,2026-05-29T10:18:26,312715
images/reolink_7/Motion Detected from Reolink DCC 7 at 2026528 145045__dccbridgecamerasgmail.com__1779976257000__0__01_20260528145045000.jpg,2026-05-29T10:18:26,309145
images/reolink_7/Motion Detected from Reolink DCC 7 at 2026528 145155__dccbridgecamerasgmail.com__1779976328000__0__01_20260528145155000.jpg,2026-05-29T10:18:26,310150
images/reolink_7/Motion Detected from Reolink DCC 7 at 2026528 145227__dccbridgecamerasgmail.com__1779976360000__0__01_20260528145227000.jpg,2026-05-29T10:18:26,308158
images/reolink_7/Motion Detected from Reolink DCC 7 at 2026528 145313__dccbridgecamerasgmail.com__1779976404000__0__01_20260528145313000.jpg,2026-05-29T10:18:26,312361
images/reolink_7/Motion Detected from Reolink DCC 7 at 2026528 145505__dccbridgecamerasgmail.com__1779976517000__0__01_20260528145505000.jpg,2026-05-29T10:18:26,311653
images/reolink_7/Motion Detected from Reolink DCC 7 at 2026528 162650__dccbridgecamerasgmail.com__1779982020000__0__01_20260528162650000.jpg,2026-05-29T10:18:26,292248
images/reolink_7/Motion Detected from Reolink DCC 7 at 202658 141620__dccbridgecamerasgmail.com__1778246195000__0__01_20260508141620000.jpg,2026-05-29T10:18:26,196648
images/reolink_7/Motion Detected from Reolink DCC 7 at 202659 144605__dccbridgecamerasgmail.com__1778334381000__0__01_20260509144605000.jpg,2026-05-29T10:18:26,204245
images/reolink_7/Motion Detected from Reolink DCC 7 at 202659 144647__dccbridgecamerasgmail.com__1778334423000__0__01_20260509144647002.jpg,2026-05-29T10:18:26,205858
images/reolink_7/Motion Detected from Reolink DCC 7 at 202659 145042__dccbridgecamerasgmail.com__1778334654000__0__01_20260509145042000.jpg,2026-05-29T10:18:26,207723
images/reolink_7/Motion Detected from Reolink DCC 7 at 202659 145537__dccbridgecamerasgmail.com__1778334949000__0__01_20260509145537000.jpg,2026-05-29T10:18:26,206879
images/reolink_7/Motion Detected from Reolink DCC 7 at 202659 164055__dccbridgecamerasgmail.com__1778341267000__0__01_20260509164055000.jpg,2026-05-29T10:18:26,206371
images/reolink_7/Motion Detected from Reolink DCC 7 at 202659 164304__dccbridgecamerasgmail.com__1778341399000__0__01_20260509164304000.jpg,2026-05-29T10:18:26,206200
images/reolink_7/Motion Detected from Reolink DCC 7 at 202659 164434__dccbridgecamerasgmail.com__1778341487000__0__01_20260509164434000.jpg,2026-05-29T10:18:26,211716
images/reolink_7/Person Animal Detected from Reolink DCC 7 at 2026525 141142__dccbridgecamerasgmail.com__1779714713000__0__01_20260525141142000.jpg,2026-05-29T10:18:26,188982
images/reolink_7/Person Animal Detected from Reolink DCC 7 at 2026525 143520__dccbridgecamerasgmail.com__1779716132000__0__01_20260525143520000.jpg,2026-05-29T10:18:26,195325
images/reolink_7/Person Detected from Reolink DCC 7 at 2026429 141350__dccbridgecamerasgmail.com__1777468443000__0__01_20260429141350000.jpg,2026-05-29T10:18:26,170692
images/reolink_7/Person Detected from Reolink DCC 7 at 202651 143403__dccbridgecamerasgmail.com__1777642454000__0__01_20260501143403000.jpg,2026-05-29T10:18:26,199512
images/reolink_7/Person Detected from Reolink DCC 7 at 202651 145003__dccbridgecamerasgmail.com__1777643415000__0__01_20260501145003000.jpg,2026-05-29T10:18:26,191060
images/reolink_7/Person Detected from Reolink DCC 7 at 202651 160730__dccbridgecamerasgmail.com__1777648062000__0__01_20260501160730000.jpg,2026-05-29T10:18:26,205741
images/reolink_7/Person Detected from Reolink DCC 7 at 202651 162025__dccbridgecamerasgmail.com__1777648837000__0__01_20260501162025000.jpg,2026-05-29T10:18:26,204254
images/reolink_7/Person Detected from Reolink DCC 7 at 202651 163015__dccbridgecamerasgmail.com__1777649426000__0__01_20260501163015000.jpg,2026-05-29T10:18:26,197878
images/reolink_7/Person Detected from Reolink DCC 7 at 202651 163336__dccbridgecamerasgmail.com__1777649628000__0__01_20260501163336000.jpg,2026-05-29T10:18:26,201891
images/reolink_7/Person Detected from Reolink DCC 7 at 2026511 142924__dccbridgecamerasgmail.com__1778506177000__0__01_20260511142924000.jpg,2026-05-29T10:18:26,192935
images/reolink_7/Person Detected from Reolink DCC 7 at 2026511 144344__dccbridgecamerasgmail.com__1778507036000__0__01_20260511144344000.jpg,2026-05-29T10:18:26,196412
images/reolink_7/Person Detected from Reolink DCC 7 at 2026511 165504__dccbridgecamerasgmail.com__1778514915000__0__01_20260511165504000.jpg,2026-05-29T10:18:26,214055
images/reolink_7/Person Detected from Reolink DCC 7 at 2026512 161225__dccbridgecamerasgmail.com__1778598758000__0__01_20260512161225000.jpg,2026-05-29T10:18:26,213281
images/reolink_7/Person Detected from Reolink DCC 7 at 2026512 161857__dccbridgecamerasgmail.com__1778599146000__0__01_20260512161857000.jpg,2026-05-29T10:18:26,203672
images/reolink_7/Person Detected from Reolink DCC 7 at 2026513 144228__dccbridgecamerasgmail.com__1778679765000__0__01_20260513144228000.jpg,2026-05-29T10:18:26,196566
images/reolink_7/Person Detected from Reolink DCC 7 at 2026513 145327__dccbridgecamerasgmail.com__1778680424000__0__01_20260513145327000.jpg,2026-05-29T10:18:26,207734
images/reolink_7/Person Detected from Reolink DCC 7 at 2026513 145408__dccbridgecamerasgmail.com__1778680463000__0__01_20260513145408000.jpg,2026-05-29T10:18:26,196829
images/reolink_7/Person Detected from Reolink DCC 7 at 2026513 165341__dccbridgecamerasgmail.com__1778687632000__0__01_20260513165341000.jpg,2026-05-29T10:18:26,219123
images/reolink_7/Person Detected from Reolink DCC 7 at 2026514 163422__dccbridgecamerasgmail.com__1778772873000__0__01_20260514163422000.jpg,2026-05-29T10:18:26,202836
images/reolink_7/Person Detected from Reolink DCC 7 at 2026515 120117__dccbridgecamerasgmail.com__1778842891000__0__01_20260515120117000.jpg,2026-05-29T10:18:26,203303
images/reolink_7/Person Detected from Reolink DCC 7 at 2026515 123212__dccbridgecamerasgmail.com__1778844745000__0__01_20260515123212000.jpg,2026-05-29T10:18:26,203112
images/reolink_7/Person Detected from Reolink DCC 7 at 2026515 123707__dccbridgecamerasgmail.com__1778845040000__0__01_20260515123707000.jpg,2026-05-29T10:18:26,192331
images/reolink_7/Person Detected from Reolink DCC 7 at 2026515 125128__dccbridgecamerasgmail.com__1778845901000__0__01_20260515125128000.jpg,2026-05-29T10:18:26,204339
images/reolink_7/Person Detected from Reolink DCC 7 at 2026515 141130__dccbridgecamerasgmail.com__1778850704000__0__01_20260515141130000.jpg,2026-05-29T10:18:26,219086
images/reolink_7/Person Detected from Reolink DCC 7 at 2026515 142440__dccbridgecamerasgmail.com__1778851493000__0__01_20260515142440000.jpg,2026-05-29T10:18:26,207472
images/reolink_7/Person Detected from Reolink DCC 7 at 2026515 144033__dccbridgecamerasgmail.com__1778852447000__0__01_20260515144033000.jpg,2026-05-29T10:18:26,205488
images/reolink_7/Person Detected from Reolink DCC 7 at 2026515 144244__dccbridgecamerasgmail.com__1778852577000__0__01_20260515144244000.jpg,2026-05-29T10:18:26,202834
images/reolink_7/Person Detected from Reolink DCC 7 at 2026515 145932__dccbridgecamerasgmail.com__1778853586000__0__01_20260515145932000.jpg,2026-05-29T10:18:26,194239
images/reolink_7/Person Detected from Reolink DCC 7 at 2026515 180739__dccbridgecamerasgmail.com__1778864868000__0__01_20260515180739000.jpg,2026-05-29T10:18:26,214996
images/reolink_7/Person Detected from Reolink DCC 7 at 2026520 144039__dccbridgecamerasgmail.com__1779284452000__0__01_20260520144039000.jpg,2026-05-29T10:18:26,201487
images/reolink_7/Person Detected from Reolink DCC 7 at 2026521 124847__dccbridgecamerasgmail.com__1779364139000__0__01_20260521124847000.jpg,2026-05-29T10:18:26,186936
images/reolink_7/Person Detected from Reolink DCC 7 at 2026521 125929__dccbridgecamerasgmail.com__1779364782000__0__01_20260521125929000.jpg,2026-05-29T10:18:26,185566
images/reolink_7/Person Detected from Reolink DCC 7 at 2026521 142008__dccbridgecamerasgmail.com__1779369620000__0__01_20260521142008000.jpg,2026-05-29T10:18:26,188538
images/reolink_7/Person Detected from Reolink DCC 7 at 2026521 142108__dccbridgecamerasgmail.com__1779369681000__0__01_20260521142108000.jpg,2026-05-29T10:18:26,198645
images/reolink_7/Person Detected from Reolink DCC 7 at 2026521 142632__dccbridgecamerasgmail.com__1779370005000__0__01_20260521142632000.jpg,2026-05-29T10:18:26,201257
images/reolink_7/Person Detected from Reolink DCC 7 at 2026521 143301__dccbridgecamerasgmail.com__1779370393000__0__01_20260521143301000.jpg,2026-05-29T10:18:26,191608
images/reolink_7/Person Detected from Reolink DCC 7 at 2026521 143648__dccbridgecamerasgmail.com__1779370621000__0__01_20260521143648000.jpg,2026-05-29T10:18:26,186197
images/reolink_7/Person Detected from Reolink DCC 7 at 2026521 145106__dccbridgecamerasgmail.com__1779371480000__0__01_20260521145106000.jpg,2026-05-29T10:18:26,194657
images/reolink_7/Person Detected from Reolink DCC 7 at 2026521 161046__dccbridgecamerasgmail.com__1779376257000__0__01_20260521161046000.jpg,2026-05-29T10:18:26,214696
images/reolink_7/Person Detected from Reolink DCC 7 at 2026521 161221__dccbridgecamerasgmail.com__1779376351000__0__01_20260521161221000.jpg,2026-05-29T10:18:26,216404
images/reolink_7/Person Detected from Reolink DCC 7 at 2026521 161450__dccbridgecamerasgmail.com__1779376501000__0__01_20260521161450000.jpg,2026-05-29T10:18:26,220817
images/reolink_7/Person Detected from Reolink DCC 7 at 2026522 121238__dccbridgecamerasgmail.com__1779448371000__0__01_20260522121238000.jpg,2026-05-29T10:18:26,183343
images/reolink_7/Person Detected from Reolink DCC 7 at 2026522 125333__dccbridgecamerasgmail.com__1779450825000__0__01_20260522125333000.jpg,2026-05-29T10:18:26,179914
images/reolink_7/Person Detected from Reolink DCC 7 at 2026522 140543__dccbridgecamerasgmail.com__1779455154000__0__01_20260522140543000.jpg,2026-05-29T10:18:26,191856
images/reolink_7/Person Detected from Reolink DCC 7 at 2026522 140613__dccbridgecamerasgmail.com__1779455186000__0__01_20260522140613000.jpg,2026-05-29T10:18:26,182867
images/reolink_7/Person Detected from Reolink DCC 7 at 2026522 141138__dccbridgecamerasgmail.com__1779455510000__0__01_20260522141138000.jpg,2026-05-29T10:18:26,188995
images/reolink_7/Person Detected from Reolink DCC 7 at 2026522 143853__dccbridgecamerasgmail.com__1779457145000__0__01_20260522143853000.jpg,2026-05-29T10:18:26,195602
images/reolink_7/Person Detected from Reolink DCC 7 at 2026522 161020__dccbridgecamerasgmail.com__1779462631000__0__01_20260522161020000.jpg,2026-05-29T10:18:26,209688
images/reolink_7/Person Detected from Reolink DCC 7 at 2026523 121340__dccbridgecamerasgmail.com__1779534833000__0__01_20260523121340000.jpg,2026-05-29T10:18:26,189768
images/reolink_7/Person Detected from Reolink DCC 7 at 2026523 123033__dccbridgecamerasgmail.com__1779535845000__0__01_20260523123033000.jpg,2026-05-29T10:18:26,186707
images/reolink_7/Person Detected from Reolink DCC 7 at 2026523 141535__dccbridgecamerasgmail.com__1779542148000__0__01_20260523141535002.jpg,2026-05-29T10:18:26,188389
images/reolink_7/Person Detected from Reolink DCC 7 at 2026523 142358__dccbridgecamerasgmail.com__1779542650000__0__01_20260523142358000.jpg,2026-05-29T10:18:26,187566
images/reolink_7/Person Detected from Reolink DCC 7 at 2026523 143204__dccbridgecamerasgmail.com__1779543137000__0__01_20260523143204000.jpg,2026-05-29T10:18:26,204457
images/reolink_7/Person Detected from Reolink DCC 7 at 2026523 143238__dccbridgecamerasgmail.com__1779543171000__0__01_20260523143238000.jpg,2026-05-29T10:18:26,191436
images/reolink_7/Person Detected from Reolink DCC 7 at 2026523 143843__dccbridgecamerasgmail.com__1779543536000__0__01_20260523143843000.jpg,2026-05-29T10:18:26,189056
images/reolink_7/Person Detected from Reolink DCC 7 at 2026523 143907__dccbridgecamerasgmail.com__1779543560000__0__01_20260523143907000.jpg,2026-05-29T10:18:26,193694
images/reolink_7/Person Detected from Reolink DCC 7 at 2026523 144451__dccbridgecamerasgmail.com__1779543903000__0__01_20260523144451000.jpg,2026-05-29T10:18:26,194789
images/reolink_7/Person Detected from Reolink DCC 7 at 2026523 144830__dccbridgecamerasgmail.com__1779544123000__0__01_20260523144830000.jpg,2026-05-29T10:18:26,196683
images/reolink_7/Person Detected from Reolink DCC 7 at 2026523 145029__dccbridgecamerasgmail.com__1779544242000__0__01_20260523145029000.jpg,2026-05-29T10:18:26,201054
images/reolink_7/Person Detected from Reolink DCC 7 at 2026523 145338__dccbridgecamerasgmail.com__1779544429000__0__01_20260523145338000.jpg,2026-05-29T10:18:26,204787
images/reolink_7/Person Detected from Reolink DCC 7 at 2026523 145447__dccbridgecamerasgmail.com__1779544500000__0__01_20260523145447000.jpg,2026-05-29T10:18:26,202762
images/reolink_7/Person Detected from Reolink DCC 7 at 2026523 145721__dccbridgecamerasgmail.com__1779544653000__0__01_20260523145721000.jpg,2026-05-29T10:18:26,198129
images/reolink_7/Person Detected from Reolink DCC 7 at 2026523 160111__dccbridgecamerasgmail.com__1779548480000__0__01_20260523160111000.jpg,2026-05-29T10:18:26,212615
images/reolink_7/Person Detected from Reolink DCC 7 at 2026523 160626__dccbridgecamerasgmail.com__1779548796000__0__01_20260523160626000.jpg,2026-05-29T10:18:26,208618
images/reolink_7/Person Detected from Reolink DCC 7 at 2026523 160821__dccbridgecamerasgmail.com__1779548910000__0__01_20260523160821000.jpg,2026-05-29T10:18:26,210420
images/reolink_7/Person Detected from Reolink DCC 7 at 2026523 160920__dccbridgecamerasgmail.com__1779548970000__0__01_20260523160920000.jpg,2026-05-29T10:18:26,211160
images/reolink_7/Person Detected from Reolink DCC 7 at 2026523 162028__dccbridgecamerasgmail.com__1779549638000__0__01_20260523162028000.jpg,2026-05-29T10:18:26,213466
images/reolink_7/Person Detected from Reolink DCC 7 at 2026523 163300__dccbridgecamerasgmail.com__1779550390000__0__01_20260523163300000.jpg,2026-05-29T10:18:26,212923
images/reolink_7/Person Detected from Reolink DCC 7 at 2026523 164150__dccbridgecamerasgmail.com__1779550920000__0__01_20260523164150000.jpg,2026-05-29T10:18:26,210084
images/reolink_7/Person Detected from Reolink DCC 7 at 2026523 164646__dccbridgecamerasgmail.com__1779551216000__0__01_20260523164646000.jpg,2026-05-29T10:18:26,193866
images/reolink_7/Person Detected from Reolink DCC 7 at 2026523 165217__dccbridgecamerasgmail.com__1779551548000__0__01_20260523165217000.jpg,2026-05-29T10:18:26,196094
images/reolink_7/Person Detected from Reolink DCC 7 at 2026523 165507__dccbridgecamerasgmail.com__1779551717000__0__01_20260523165507000.jpg,2026-05-29T10:18:26,210933
images/reolink_7/Person Detected from Reolink DCC 7 at 2026524 120047__dccbridgecamerasgmail.com__1779620459000__0__01_20260524120047000.jpg,2026-05-29T10:18:26,212212
images/reolink_7/Person Detected from Reolink DCC 7 at 2026524 121229__dccbridgecamerasgmail.com__1779621161000__0__01_20260524121229000.jpg,2026-05-29T10:18:26,205610
images/reolink_7/Person Detected from Reolink DCC 7 at 2026524 121727__dccbridgecamerasgmail.com__1779621458000__0__01_20260524121727000.jpg,2026-05-29T10:18:26,203363
images/reolink_7/Person Detected from Reolink DCC 7 at 2026524 121751__dccbridgecamerasgmail.com__1779621483000__0__01_20260524121751000.jpg,2026-05-29T10:18:26,205649
images/reolink_7/Person Detected from Reolink DCC 7 at 2026524 122410__dccbridgecamerasgmail.com__1779621862000__0__01_20260524122410000.jpg,2026-05-29T10:18:26,201615
images/reolink_7/Person Detected from Reolink DCC 7 at 2026524 122550__dccbridgecamerasgmail.com__1779621962000__0__01_20260524122550000.jpg,2026-05-29T10:18:26,202145
images/reolink_7/Person Detected from Reolink DCC 7 at 2026524 122945__dccbridgecamerasgmail.com__1779622197000__0__01_20260524122945000.jpg,2026-05-29T10:18:26,199127
images/reolink_7/Person Detected from Reolink DCC 7 at 2026524 123723__dccbridgecamerasgmail.com__1779622655000__0__01_20260524123723000.jpg,2026-05-29T10:18:26,206161
images/reolink_7/Person Detected from Reolink DCC 7 at 2026524 123759__dccbridgecamerasgmail.com__1779622690000__0__01_20260524123759000.jpg,2026-05-29T10:18:26,202677
images/reolink_7/Person Detected from Reolink DCC 7 at 2026524 125530__dccbridgecamerasgmail.com__1779623741000__0__01_20260524125530000.jpg,2026-05-29T10:18:26,197283
images/reolink_7/Person Detected from Reolink DCC 7 at 2026524 125736__dccbridgecamerasgmail.com__1779623867000__0__01_20260524125736000.jpg,2026-05-29T10:18:26,198743
images/reolink_7/Person Detected from Reolink DCC 7 at 2026524 125852__dccbridgecamerasgmail.com__1779623944000__0__01_20260524125852000.jpg,2026-05-29T10:18:26,195756
images/reolink_7/Person Detected from Reolink DCC 7 at 2026524 125915__dccbridgecamerasgmail.com__1779623965000__0__01_20260524125915000.jpg,2026-05-29T10:18:26,198564
images/reolink_7/Person Detected from Reolink DCC 7 at 2026524 140312__dccbridgecamerasgmail.com__1779627804000__0__01_20260524140312000.jpg,2026-05-29T10:18:26,193761
images/reolink_7/Person Detected from Reolink DCC 7 at 2026524 140745__dccbridgecamerasgmail.com__1779628077000__0__01_20260524140745000.jpg,2026-05-29T10:18:26,193743
images/reolink_7/Person Detected from Reolink DCC 7 at 2026524 141631__dccbridgecamerasgmail.com__1779628603000__0__01_20260524141631000.jpg,2026-05-29T10:18:26,199368
images/reolink_7/Person Detected from Reolink DCC 7 at 2026524 142046__dccbridgecamerasgmail.com__1779628858000__0__01_20260524142046000.jpg,2026-05-29T10:18:26,204262
images/reolink_7/Person Detected from Reolink DCC 7 at 2026524 142843__dccbridgecamerasgmail.com__1779629335000__0__01_20260524142843000.jpg,2026-05-29T10:18:26,203362
images/reolink_7/Person Detected from Reolink DCC 7 at 2026524 143041__dccbridgecamerasgmail.com__1779629453000__0__01_20260524143041000.jpg,2026-05-29T10:18:26,195223
images/reolink_7/Person Detected from Reolink DCC 7 at 2026524 143126__dccbridgecamerasgmail.com__1779629498000__0__01_20260524143126000.jpg,2026-05-29T10:18:26,205101
images/reolink_7/Person Detected from Reolink DCC 7 at 2026524 143227__dccbridgecamerasgmail.com__1779629559000__0__01_20260524143227000.jpg,2026-05-29T10:18:26,196042
images/reolink_7/Person Detected from Reolink DCC 7 at 2026524 143607__dccbridgecamerasgmail.com__1779629778000__0__01_20260524143607000.jpg,2026-05-29T10:18:26,200904
images/reolink_7/Person Detected from Reolink DCC 7 at 2026524 144237__dccbridgecamerasgmail.com__1779630169000__0__01_20260524144237000.jpg,2026-05-29T10:18:26,202976
images/reolink_7/Person Detected from Reolink DCC 7 at 2026524 144436__dccbridgecamerasgmail.com__1779630288000__0__01_20260524144436000.jpg,2026-05-29T10:18:26,205692
images/reolink_7/Person Detected from Reolink DCC 7 at 2026524 144531__dccbridgecamerasgmail.com__1779630342000__0__01_20260524144531000.jpg,2026-05-29T10:18:26,206214
images/reolink_7/Person Detected from Reolink DCC 7 at 2026524 144556__dccbridgecamerasgmail.com__1779630368000__0__01_20260524144556000.jpg,2026-05-29T10:18:26,205975
images/reolink_7/Person Detected from Reolink DCC 7 at 2026524 145438__dccbridgecamerasgmail.com__1779630890000__0__01_20260524145438000.jpg,2026-05-29T10:18:26,200759
images/reolink_7/Person Detected from Reolink DCC 7 at 2026524 145457__dccbridgecamerasgmail.com__1779630908000__0__01_20260524145457000.jpg,2026-05-29T10:18:26,205874
images/reolink_7/Person Detected from Reolink DCC 7 at 2026524 161554__dccbridgecamerasgmail.com__1779635765000__0__01_20260524161554000.jpg,2026-05-29T10:18:26,214058
images/reolink_7/Person Detected from Reolink DCC 7 at 2026524 162737__dccbridgecamerasgmail.com__1779636467000__0__01_20260524162737000.jpg,2026-05-29T10:18:26,207400
images/reolink_7/Person Detected from Reolink DCC 7 at 2026524 162924__dccbridgecamerasgmail.com__1779636574000__0__01_20260524162924000.jpg,2026-05-29T10:18:26,196598
images/reolink_7/Person Detected from Reolink DCC 7 at 2026525 120657__dccbridgecamerasgmail.com__1779707228000__0__01_20260525120657000.jpg,2026-05-29T10:18:26,195407
images/reolink_7/Person Detected from Reolink DCC 7 at 2026525 120903__dccbridgecamerasgmail.com__1779707354000__0__01_20260525120903000.jpg,2026-05-29T10:18:26,194938
images/reolink_7/Person Detected from Reolink DCC 7 at 2026525 121630__dccbridgecamerasgmail.com__1779707802000__0__01_20260525121630000.jpg,2026-05-29T10:18:26,194331
images/reolink_7/Person Detected from Reolink DCC 7 at 2026525 122034__dccbridgecamerasgmail.com__1779708046000__0__01_20260525122034000.jpg,2026-05-29T10:18:26,193502
images/reolink_7/Person Detected from Reolink DCC 7 at 2026525 123250__dccbridgecamerasgmail.com__1779708783000__0__01_20260525123250000.jpg,2026-05-29T10:18:26,195033
images/reolink_7/Person Detected from Reolink DCC 7 at 2026525 123546__dccbridgecamerasgmail.com__1779708958000__0__01_20260525123546000.jpg,2026-05-29T10:18:26,193613
images/reolink_7/Person Detected from Reolink DCC 7 at 2026525 123639__dccbridgecamerasgmail.com__1779709011000__0__01_20260525123639000.jpg,2026-05-29T10:18:26,199136
images/reolink_7/Person Detected from Reolink DCC 7 at 2026525 123947__dccbridgecamerasgmail.com__1779709198000__0__01_20260525123947000.jpg,2026-05-29T10:18:26,203945
images/reolink_7/Person Detected from Reolink DCC 7 at 2026525 124304__dccbridgecamerasgmail.com__1779709396000__0__01_20260525124304000.jpg,2026-05-29T10:18:26,191001
images/reolink_7/Person Detected from Reolink DCC 7 at 2026525 125656__dccbridgecamerasgmail.com__1779710229000__0__01_20260525125656000.jpg,2026-05-29T10:18:26,192091
images/reolink_7/Person Detected from Reolink DCC 7 at 2026525 140037__dccbridgecamerasgmail.com__1779714050000__0__01_20260525140037000.jpg,2026-05-29T10:18:26,197413
images/reolink_7/Person Detected from Reolink DCC 7 at 2026525 140400__dccbridgecamerasgmail.com__1779714252000__0__01_20260525140400000.jpg,2026-05-29T10:18:26,196635
images/reolink_7/Person Detected from Reolink DCC 7 at 2026525 140639__dccbridgecamerasgmail.com__1779714412000__0__01_20260525140639000.jpg,2026-05-29T10:18:26,200400
images/reolink_7/Person Detected from Reolink DCC 7 at 2026525 140733__dccbridgecamerasgmail.com__1779714465000__0__01_20260525140733000.jpg,2026-05-29T10:18:26,194616
images/reolink_7/Person Detected from Reolink DCC 7 at 2026525 141721__dccbridgecamerasgmail.com__1779715053000__0__01_20260525141721000.jpg,2026-05-29T10:18:26,195262
images/reolink_7/Person Detected from Reolink DCC 7 at 2026525 142009__dccbridgecamerasgmail.com__1779715220000__0__01_20260525142009000.jpg,2026-05-29T10:18:26,203405
images/reolink_7/Person Detected from Reolink DCC 7 at 2026525 142223__dccbridgecamerasgmail.com__1779715355000__0__01_20260525142223000.jpg,2026-05-29T10:18:26,203242
images/reolink_7/Person Detected from Reolink DCC 7 at 2026525 142515__dccbridgecamerasgmail.com__1779715528000__0__01_20260525142515000.jpg,2026-05-29T10:18:26,194097
images/reolink_7/Person Detected from Reolink DCC 7 at 2026525 143851__dccbridgecamerasgmail.com__1779716343000__0__01_20260525143851000.jpg,2026-05-29T10:18:26,191633
images/reolink_7/Person Detected from Reolink DCC 7 at 2026525 144018__dccbridgecamerasgmail.com__1779716430000__0__01_20260525144018000.jpg,2026-05-29T10:18:26,194469
images/reolink_7/Person Detected from Reolink DCC 7 at 2026525 144951__dccbridgecamerasgmail.com__1779717004000__0__01_20260525144951000.jpg,2026-05-29T10:18:26,197945
images/reolink_7/Person Detected from Reolink DCC 7 at 2026525 145130__dccbridgecamerasgmail.com__1779717103000__0__01_20260525145130000.jpg,2026-05-29T10:18:26,198716
images/reolink_7/Person Detected from Reolink DCC 7 at 2026525 145441__dccbridgecamerasgmail.com__1779717293000__0__01_20260525145441000.jpg,2026-05-29T10:18:26,204391
images/reolink_7/Person Detected from Reolink DCC 7 at 2026525 145646__dccbridgecamerasgmail.com__1779717418000__0__01_20260525145646000.jpg,2026-05-29T10:18:26,200330
images/reolink_7/Person Detected from Reolink DCC 7 at 2026525 145833__dccbridgecamerasgmail.com__1779717525000__0__01_20260525145833000.jpg,2026-05-29T10:18:26,202322
images/reolink_7/Person Detected from Reolink DCC 7 at 2026525 145921__dccbridgecamerasgmail.com__1779717573000__0__01_20260525145921000.jpg,2026-05-29T10:18:26,196287
images/reolink_7/Person Detected from Reolink DCC 7 at 2026525 161819__dccbridgecamerasgmail.com__1779722309000__0__01_20260525161819000.jpg,2026-05-29T10:18:26,210491
images/reolink_7/Person Detected from Reolink DCC 7 at 2026525 162438__dccbridgecamerasgmail.com__1779722689000__0__01_20260525162438000.jpg,2026-05-29T10:18:26,213460
images/reolink_7/Person Detected from Reolink DCC 7 at 2026525 162901__dccbridgecamerasgmail.com__1779722952000__0__01_20260525162901000.jpg,2026-05-29T10:18:26,203116
images/reolink_7/Person Detected from Reolink DCC 7 at 2026525 163116__dccbridgecamerasgmail.com__1779723087000__0__01_20260525163116000.jpg,2026-05-29T10:18:26,204959
images/reolink_7/Person Detected from Reolink DCC 7 at 2026525 163803__dccbridgecamerasgmail.com__1779723493000__0__01_20260525163803000.jpg,2026-05-29T10:18:26,205863
images/reolink_7/Person Detected from Reolink DCC 7 at 2026525 183820__dccbridgecamerasgmail.com__1779730711000__0__01_20260525183820000.jpg,2026-05-29T10:18:26,204989
images/reolink_7/Person Detected from Reolink DCC 7 at 2026526 120915__dccbridgecamerasgmail.com__1779793767000__0__01_20260526120915000.jpg,2026-05-29T10:18:26,208903
images/reolink_7/Person Detected from Reolink DCC 7 at 2026526 121706__dccbridgecamerasgmail.com__1779794239000__0__01_20260526121706000.jpg,2026-05-29T10:18:26,200761
images/reolink_7/Person Detected from Reolink DCC 7 at 2026526 121755__dccbridgecamerasgmail.com__1779794288000__0__01_20260526121755000.jpg,2026-05-29T10:18:26,202016
images/reolink_7/Person Detected from Reolink DCC 7 at 2026526 122337__dccbridgecamerasgmail.com__1779794629000__0__01_20260526122337000.jpg,2026-05-29T10:18:26,201721
images/reolink_7/Person Detected from Reolink DCC 7 at 2026526 140458__dccbridgecamerasgmail.com__1779800711000__0__01_20260526140458000.jpg,2026-05-29T10:18:26,196122
images/reolink_7/Person Detected from Reolink DCC 7 at 2026526 141121__dccbridgecamerasgmail.com__1779801092000__0__01_20260526141121000.jpg,2026-05-29T10:18:26,187637
images/reolink_7/Person Detected from Reolink DCC 7 at 2026526 141439__dccbridgecamerasgmail.com__1779801292000__0__01_20260526141439000.jpg,2026-05-29T10:18:26,195837
images/reolink_7/Person Detected from Reolink DCC 7 at 2026526 142042__dccbridgecamerasgmail.com__1779801655000__0__01_20260526142042000.jpg,2026-05-29T10:18:26,191657
images/reolink_7/Person Detected from Reolink DCC 7 at 2026526 142132__dccbridgecamerasgmail.com__1779801704000__0__01_20260526142132000.jpg,2026-05-29T10:18:26,190270
images/reolink_7/Person Detected from Reolink DCC 7 at 2026526 142314__dccbridgecamerasgmail.com__1779801807000__0__01_20260526142314000.jpg,2026-05-29T10:18:26,197893
images/reolink_7/Person Detected from Reolink DCC 7 at 2026526 160846__dccbridgecamerasgmail.com__1779808139000__0__01_20260526160846000.jpg,2026-05-29T10:18:26,213531
images/reolink_7/Person Detected from Reolink DCC 7 at 2026526 161019__dccbridgecamerasgmail.com__1779808233000__0__01_20260526161019002.jpg,2026-05-29T10:18:26,210976
images/reolink_7/Person Detected from Reolink DCC 7 at 2026526 163816__dccbridgecamerasgmail.com__1779809909000__0__01_20260526163816000.jpg,2026-05-29T10:18:26,198119
images/reolink_7/Person Detected from Reolink DCC 7 at 2026526 164643__dccbridgecamerasgmail.com__1779810416000__0__01_20260526164643000.jpg,2026-05-29T10:18:26,194854
images/reolink_7/Person Detected from Reolink DCC 7 at 2026526 164933__dccbridgecamerasgmail.com__1779810586000__0__01_20260526164933000.jpg,2026-05-29T10:18:26,201452
images/reolink_7/Person Detected from Reolink DCC 7 at 2026526 165658__dccbridgecamerasgmail.com__1779811031000__0__01_20260526165658000.jpg,2026-05-29T10:18:26,184816
images/reolink_7/Person Detected from Reolink DCC 7 at 2026526 165816__dccbridgecamerasgmail.com__1779811109000__0__01_20260526165816000.jpg,2026-05-29T10:18:26,189866
images/reolink_7/Person Detected from Reolink DCC 7 at 2026527 120547__dccbridgecamerasgmail.com__1779879961000__0__01_20260527120547000.jpg,2026-05-29T10:18:26,195738
images/reolink_7/Person Detected from Reolink DCC 7 at 2026527 120633__dccbridgecamerasgmail.com__1779880008000__0__01_20260527120633000.jpg,2026-05-29T10:18:26,189141
images/reolink_7/Person Detected from Reolink DCC 7 at 2026527 122229__dccbridgecamerasgmail.com__1779880964000__0__01_20260527122229000.jpg,2026-05-29T10:18:26,197345
images/reolink_7/Person Detected from Reolink DCC 7 at 2026527 140005__dccbridgecamerasgmail.com__1779886820000__0__01_20260527140005000.jpg,2026-05-29T10:18:26,189398
images/reolink_7/Person Detected from Reolink DCC 7 at 2026527 140025__dccbridgecamerasgmail.com__1779886839000__0__01_20260527140025000.jpg,2026-05-29T10:18:26,184587
images/reolink_7/Person Detected from Reolink DCC 7 at 2026527 140146__dccbridgecamerasgmail.com__1779886922000__0__01_20260527140146000.jpg,2026-05-29T10:18:26,187191
images/reolink_7/Person Detected from Reolink DCC 7 at 2026527 141332__dccbridgecamerasgmail.com__1779887627000__0__01_20260527141332000.jpg,2026-05-29T10:18:26,191681
images/reolink_7/Person Detected from Reolink DCC 7 at 2026527 143341__dccbridgecamerasgmail.com__1779888837000__0__01_20260527143341002.jpg,2026-05-29T10:18:26,191667
images/reolink_7/Person Detected from Reolink DCC 7 at 2026527 144055__dccbridgecamerasgmail.com__1779889271000__0__01_20260527144055000.jpg,2026-05-29T10:18:26,193254
images/reolink_7/Person Detected from Reolink DCC 7 at 2026527 162928__dccbridgecamerasgmail.com__1779895778000__0__01_20260527162928000.jpg,2026-05-29T10:18:26,197446
images/reolink_7/Person Detected from Reolink DCC 7 at 2026527 163317__dccbridgecamerasgmail.com__1779896006000__0__01_20260527163317000.jpg,2026-05-29T10:18:26,193439
images/reolink_7/Person Detected from Reolink DCC 7 at 2026527 163636__dccbridgecamerasgmail.com__1779896206000__0__01_20260527163636000.jpg,2026-05-29T10:18:26,194185
images/reolink_7/Person Detected from Reolink DCC 7 at 2026527 163658__dccbridgecamerasgmail.com__1779896227000__0__01_20260527163658000.jpg,2026-05-29T10:18:26,193349
images/reolink_7/Person Detected from Reolink DCC 7 at 2026528 120755__dccbridgecamerasgmail.com__1779966487000__0__01_20260528120755000.jpg,2026-05-29T10:18:26,194098
images/reolink_7/Person Detected from Reolink DCC 7 at 2026528 141107__dccbridgecamerasgmail.com__1779973879000__0__01_20260528141107000.jpg,2026-05-29T10:18:26,308877
images/reolink_7/Person Detected from Reolink DCC 7 at 2026528 142630__dccbridgecamerasgmail.com__1779974801000__0__01_20260528142630000.jpg,2026-05-29T10:18:26,309238
images/reolink_7/Person Detected from Reolink DCC 7 at 2026528 142837__dccbridgecamerasgmail.com__1779974928000__0__01_20260528142837000.jpg,2026-05-29T10:18:26,301495
images/reolink_7/Person Detected from Reolink DCC 7 at 2026528 144135__dccbridgecamerasgmail.com__1779975706000__0__01_20260528144135000.jpg,2026-05-29T10:18:26,305923
images/reolink_7/Person Detected from Reolink DCC 7 at 2026528 144503__dccbridgecamerasgmail.com__1779975916000__0__01_20260528144503000.jpg,2026-05-29T10:18:26,309226
images/reolink_7/Person Detected from Reolink DCC 7 at 2026528 161729__dccbridgecamerasgmail.com__1779981460000__0__01_20260528161729000.jpg,2026-05-29T10:18:26,294833
images/reolink_7/Person Detected from Reolink DCC 7 at 202658 124356__dccbridgecamerasgmail.com__1778240648000__0__01_20260508124356000.jpg,2026-05-29T10:18:26,193159
images/reolink_7/Person Detected from Reolink DCC 7 at 202658 140044__dccbridgecamerasgmail.com__1778245262000__0__01_20260508140044000.jpg,2026-05-29T10:18:26,194277
images/reolink_7/Person Detected from Reolink DCC 7 at 202658 143508__dccbridgecamerasgmail.com__1778247321000__0__01_20260508143508000.jpg,2026-05-29T10:18:26,191713
images/reolink_7/Person Detected from Reolink DCC 7 at 202658 144953__dccbridgecamerasgmail.com__1778248207000__0__01_20260508144953000.jpg,2026-05-29T10:18:26,204068
images/reolink_7/Person Detected from Reolink DCC 7 at 202659 141958__dccbridgecamerasgmail.com__1778332811000__0__01_20260509141958000.jpg,2026-05-29T10:18:26,191125
images/reolink_7/Person Detected from Reolink DCC 7 at 202659 142512__dccbridgecamerasgmail.com__1778333125000__0__01_20260509142512000.jpg,2026-05-29T10:18:26,200036
images/reolink_7/Person Detected from Reolink DCC 7 at 202659 142716__dccbridgecamerasgmail.com__1778333247000__0__01_20260509142716000.jpg,2026-05-29T10:18:26,194532
images/reolink_7/Person Detected from Reolink DCC 7 at 202659 144837__dccbridgecamerasgmail.com__1778334529000__0__01_20260509144837000.jpg,2026-05-29T10:18:26,204853
images/reolink_7/Vehicle Detected from Reolink DCC 7 at 2026525 140916__dccbridgecamerasgmail.com__1779714568000__0__01_20260525140916000.jpg,2026-05-29T10:18:26,205708
